{
  "test": "transfer_learning_validation",
  "timestamp": "20251015_191118",
  "task_identity": 1.0,
  "original_task_accuracy_before": 0.5576666666666666,
  "original_task_accuracy_after": 0.5576666666666666,
  "new_task_accuracy": 0.8346666666666667,
  "behavioral_shift": 0.0,
  "accuracy_change_pct": 0.0
}