{
  "test": "progressive_noise_degradation",
  "timestamp": "20251026_103503",
  "noise_levels": [
    0.0,
    0.05,
    0.1,
    0.15,
    0.2,
    0.25,
    0.3
  ],
  "accuracies": [
    0.9356666666666666,
    0.9326666666666666,
    0.922,
    0.8796666666666667,
    0.7933333333333333,
    0.6953333333333334,
    0.6143333333333333
  ],
  "task_identities": [
    1.0,
    0.9998555324764195,
    0.9992070003998101,
    0.9929210222759141,
    0.9480618203646928,
    0.863670128577175,
    0.780307574375915
  ],
  "avg_task_identity": 0.9306705130783212,
  "baseline_accuracy": 0.9356666666666666
}